name,prompt,negative_prompt
None,,
MultiDiffusion,"masterpiece, best quality, highres, extremely detailed, clear background,",
负tag,,"(worst quality, low quality:1.4),(jpeg artifacts:1.4),(depth of field, bokeh, blurry, film grain, chromatic aberration:1),trembling,motion lines,motion blur,emphasis lines,text,title,logo,signature,"
负tag带e,,"verybadimagenegative_v1.3,(worst quality, low quality:1.4),(jpeg artifacts:1.4),(depth of field, bokeh, blurry, film grain, chromatic aberration:1),trembling,motion lines,motion blur,emphasis lines,text,title,logo,signature,"
负tag+,,"(worst quality, low quality:1.4),(jpeg artifacts:1.4),(depth of field, bokeh, blurry, film grain, chromatic aberration:1),bad anatomy,extra limbs,extra fingers,fewer digits,greyscale,monochrome,trembling,motion lines,motion blur,emphasis lines,text,title,logo,signature,"
女孩,"(masterpiece,best quality, official art,:1.2),1girl,",
婚纱全套,"bride, bridal veil, bridal gauntlets, wedding dress, bridal garter, bridal legwear, white thighhighs, stiletto heels,",
婚纱全套 绝对空域,"bride,bridal veil,bridal gauntlets,wedding dress,bridal garter,bridal legwear,white thighhighs,stiletto heels,((front pussy)),((thigh gap)),",
婚纱 巨乳 紧身衣 笑 ,"(bridal gown:1.4), Amazing Breasts, Big Breasts, Amazing Thighs, seductive smile, smart, wedding, tight clothes, lace,polka dot,striped,lolita fashion,",
抱枕 丝袜 萝莉 掀裙子,"solo, 1girl,(oppai loli:1.25), (slender body:1.3),(revealing panties), (skirt lift:1.3),(dress lift:1.3), (lifted by self:1.4),(striped panties:1.2),(:d:1.4),(big eyes:1.2), (short girl:1.15),(rib, collarbone:1.15), (infant girl:1.15), (loli big face:1.2), (cleavage:1.2),maid, (8 years old:1.3),(short person:1.3),(maid apron),(maid headdress),(white hair:1.2),flat chest,medium breasts,portrait, fox ears, animal ear fluff, ahoge, braid, [blue eyes:green eyes:0.5], (medium breasts) , long hair, cute face, detailed gradient eyes, looking at viewer, blush, embarrassed, masterpiece, best quality, 4k, 8k,(full body:1.3),(from above,plane_view),(white pantyhose:1.3),(lying on bed:1.4),solo focus,(coquettish:1.2),blush,shy,bed sheet,(shiny:1.4),(Oil highlights:1.5)[wet with oil:0.3],reflection,",
精灵 御姐 裸 丝袜 面包 自慰,"((masterpiece)),(((high quality))),(extremely detailed CG unity 8k wallpaper),1girl,((((mature girl)))),highere,long white hair,bangs,medium breast and thigh,cumshots,silk stockings,naked,white pussy,creampie,after sex,shushing,torogao,album cover,((blush)),((open mouth)),((screaming)),(saliva),earrings,choker,((lace trim)),thighband pantyhose,high heels,beautiful detailed eyes,((gentle)),wife,beauty mark,(bare chest),(Nude pussy),(((perfect face))),(((perfect breasts))),(((perfect pussy))),elf,((No panties)),",
猫耳雌小鬼 幼女,"kemonomimi mode,chibi,lalafell,full body,extremely detailed CG unity 8k wallpaper,detailed manga illustration,(((infant))),(((petite))),1girl,long hair,detail fingers,slim legs,blush,aquagradient eyes,barefoot,white hair/blue eyes,anal,spread anus,cum in ass,ass grab,{oral},vaginal,spread legs,m legs,solo focus,sex,overflow,sweat,ahoge,small breasts,grin,smug,naughty face,naughty face,open mouth,loli,smile,eyeball,evil smile,fang,cat ears,cat tail,anal beads,onsen,",
白毛 萝莉 白色过膝袜 下蹲,"on bed,(extremely detailed CG unity 8k wallpaper),(((detailed manga illustration))),(((meticulous painting))),ahoge,long_hair,skindentation,no_panties,flat_chest,(((detail fingers))),squatting,Perfect female body,infant,Silver hair,purple eyes,slim waist,virgin,cat girl,enchanter,shiny skin,see-through,white_thighhighs,",
御姐 哥特式礼服,"masterpiece,best quality,official art,extremely detailed cg unity 8k wallpaper, crystals texture skin, cold expression, blue hair,long hair,messy hair, looking at viewer, extremely delicate and beautiful , beautiful and detailed sky, water, ultra -detailed, incredibly detailed,(an extremely delicate and beautiful), beautiful detailed eyes, (best quality), (masterpiece), (highres), original, dramatic angle, cinematic lighting, cinematic highlight hair, beautiful hand, lace glove, detailed jewelry necklace, jewelry earrings, gothic,mature woman, handsome, light smile, kitsune,",
绿毛 旗袍 丝袜 抬胳膊,"1girl, solo, breasts, long hair, thighhighs, green hair, dress, detached sleeves, looking at viewer, hair ornament, cleavage, white dress, hair flower, large breasts, bare shoulders, chinese clothes, flower, china dress, pelvic curtain, black thighhighs, white footwear, high heels, clothing cutout, ahoge, yellow eyes, thighs, long sleeves, indoors, sitting, very long hair, see-through, jewelry, parted lips, earrings, blush, see-through sleeves, arm up, full body, tassel, gold trim, navel,",
婚纱 兽耳,"(incredibly_absurdres:1.5),((masterpiece)),(extremely detailed CG unity 8k wallpaper),(highres),full body,the top of the hill,beautiful detailed sky,original,illustration,{an extremely delicate and beautiful},long_hair,light_brown_hair,beautiful and detailed eyes,green eyes,loli,kemonomimi mode,(a lot of Colorful bubbles),White wedding dress,wedding veil,butterflys flying,Hair fluttering,(shy),cat ears,white thighhighs,bare shoulders,elbow gloves,white gloves,",
雪女 连衣裙 背面 回头看,"((masterpiece)), ((an extremely detailed and delicate)), (8k cg wallpaper), (stunning art), ((illustration )), (ink splashing), (amazing), (1 girl), (elf),anime face,(small_breast),floating,beautiful detailed winter sky,an detailed silver organdie dress,snowflake texture organdie dress,bare_shoulder,focus_on_face,flowing_long_hair, lace tulle,lens_flare,(light_leaks,silver light),detailed_beautiful_Snow sky_with_star_and_moon,silver_hair,silver clothes, ((Snowflakes)),snowflake texture clothes+hair+skin,ornament,snowflake ornament,snowflake hair ornament,floating sand flow,(beautiful detailed blue eyes), (8k_wallpaper),blue roses,masterpiece, best quality,silver thighhighs,looking_at_viewer,((wariza)),(neck, back, looking back, dhalter dress, backless dress),",
雪女 科技 双臂交叉,"((masterpiece)), ((best quality)), ((ultra-detailed)), ((illustration)),standing,woman,alien,High-tech,(1 girl), (elf),anime face,(small_breast),floating,beautiful detailed winter sky,an detailed silver organdie dress,snowflake texture organdie dress,bare_shoulder,focus_on_face,flowing_long_hair, lace tulle,lens_flare,(light_leaks,silver light),detailed_beautiful_Snow Forest_with_Trees,silver_hair,silver clothes, ((Snowflakes)),snowflake texture clothes+hair+skin,ornament,snowflake ornament,snowflake hair ornament,floating sand flow,(beautiful detailed blue eyes), (8k_wallpaper),blue roses,masterpiece, best quality,silver thighhighs,looking_at_viewer,the girl cross her arms over on her knees,cinematic CG,highly detailed,artstation, concept art, smooth, sharp, focus, illustration,",
海底 兔女郎 透明,"(1girls,rabbit girl),(girls in the new year),(((New year in underwater world))),(masterpiece:1.2), (best quality), (extremely detailed CG wallpaper:1.2), (best shadow), (cinematic lighting:1.2), depth of field, colorful, (sideways,side,from side,focus on nude side-boob,(nude side-boob)),sitting, (amazing),dynamic angle,floating, (happy new year), (underwater|night),rabbit ,snowflake texture silver hair and breasts, long_hair,(snowflake and bubble|firework texture gauze_dress,see- through gauze_dress:1.2),bare_shoulders,bare_breast,blue_eyes, medium_breasts, cleavage,gloves, very_long_hair, sleeveless,looking_at_viewer, sleeveless_dress, bangs, see-through silver_ribbon, necklace, closed_mouth,eyebrows_visible_through_hair,(starry river under the water, star in the underwater,bubble|firework, air_bubble|star_firework),(bubble|firework blooming), fish,,,lantern,winter in the underwater world,",
荷叶 池塘 纱衣 手放在胸口,"(flower and leaf),(1girls:1.3),(hands on the chest:1.1),(extremely detailed CG unity 8k wallpaper), (((masterpiece))), (((best quality))), ((ultra-detailed)), (best illustration), (best shadow), ((an extremely delicate and beautiful)),(fantasy and dreamy),dynamic angle,floating,(focus on the face),girls bathing in the pond,deliace detailed and beautiful face,deliace detailed and beautiful bodys,water texture hair,long_flowing_hair,(lotus_flowers and lotus_leaves texture (gauze_clothes),see-through lotus_flowers and lotus_leaves (gauze_clothes):1.15),decoration,lotus_flowers and lotus_leaves decoration,stars,blue sky, (painting),(sketch),(bloom),(shine)",
星空 偶像 唱歌,"The fairyland of singing,((best quality)),((highly detailed)),((extremely detailed cg unity 8k wallpaper)),((illustration)),impasto,((colorful)),very low lens,from below,outdoor,starry sky background,starry river,star,moon,moon light,meteor,depth of field,sky,glitch,dynamic angle,bottle bottom,tears,broken crystal, ,musical note,(musical note fill the screen),(fill the screen),(musical note bloom),girl in the singing,singing in the fairyland, (1girl,the girl is idol),((singing)),((looking up)),(excited),floating,([silver hair::0.6],[Honey color hair:0.5]:1.15),(gradient hair:1.23), disheveled hair,crystal hair,ornament,crystal hair ornament,(crystal and (see-through) frills (gauze:1.23)|(dress:0.85):1.2),(musical note decorative,musical note decorative magical (gauze:1.23)|(dress:0.85)),big top sleeves,(extremely fantasy and dreamy singing fairyland),white lace stockings,",
星空 樱花 绿毛 漏胸 和服,"(the Girls journey of starry fairyland),(extremely detailed CG unity 8k wallpaper,masterpiece, best quality, ultra-detailed),(best illumination, best shadow, an extremely delicate and beautiful), dynamic angle, floating, fairyland,finely detail, Depth of field (bloom),(shine), (girl in the starry pink fairyland,starry pink fairyland in the starry sky,starry sky in the wonderland), (watercolor medium), (painting),moon, full moon, (1Princess:1.3), solo, (upper body:1.3), night, breasts,((starry sky|sakura) (gauze|kimono), open-chest kimono, cleavage,white and pink gauze|kimono:1.2), sky, bare shoulders, night sky, cherry blossoms, (multicolored aqua hair, aqua hair,aqua eyes:1.15), medium breasts, wide sleeves, star (sky), petals,sakura petals, eyebrows visible through hair, outdoors, bangs,( starry sky, star sky), starry sky, sky, night, night sky, shooting star,) aqua eyes, bare shoulders,sakura petals and flowers, looking at viewer,eyebrows visible through hair, frills, breasts,ornament ,hair ornament,starry|flowers ornamment,(fairy tale and dreamy spring niaght),",
白毛 精灵 连衣裙 花园 萤火虫,"(the wonderland of elf),(extremely detailed CG unity 8k wallpaper),(((masterpiece))), (((best quality))), ((ultra-detailed)), (best illustration), (best shadow), ((an extremely delicate and beautiful)),dynamic angle,floating,focus on the face，[1princess,elf,pointy ears, flower, breasts, elf, long hair, blonde and silver hair, very long flowing hair, solo, detached sleeves, yokozuwari, green eyes, white flower, butterfly hair ornament, bare shoulders, bare breast,medium breasts, looking at viewer,(silver see-through gauze dress:1.2),(gold trim glowing gauze dress), hair ornament, bangs: :0.66], [ dynamic angle,insect,animals,(bug, glowworm,butterfly,animal, , glowing butterfly,glowing fireflies,fireflies encircles the girl,(glowing)) (detailed light),feather, nature, (sunlight), flowers:0.33],girl in the garden,garden in the wonderland,beautiful and delicate wonderland,(painting),(sketch),(bloom),(shine),(All fireflies shine),",
白毛 窗边,"(The Starry Train and the Girls journey of starry train),(extremely detailed CG unity 8k wallpaper,masterpiece, best quality, ultra-detailed), (best illumination, best shadow, an extremely delicate and beautiful), dynamic angle, floating, fairyland,finely detail, Depth of field (bloom), (glass,glass sparkle,shine,overexposure), (girl in the starry train,starry train in the starry sky,starry sky in the wonderland),glinting stars, (watercolor medium), (painting), (sketch),window,moon,detailed moon light,star,starry sky,cirrocumulus,flower, (1girl,cute,flying,bangs,blue eyes,dress,hair between eyes,hair ornament,halo,scarf,sidelocks,star (symbol),star hair ornament,silver hair), (solo),open mouth,! , ribbon, day, eyebrows visible through hair, silver hair, long silver hair, bangs, neck ribbon, very long hair, blush, hair between eyes, red ribbon, window,short sleeves,((the girl Hand and face ||/ the window,||/ the window:1.3) ,(fill the screen),(the girl is wearing silk silver gauze |dress:1.2),(silver silk gauze|dress:1.2),ornament ,hair ornament,starry|flowers ornamment,(fairy tale and dreamy spring niaght),",
透明 彩虹 露背连衣裙 侧身,"((masterpiece)),((best quality)),official art,(extremely detailed CG unity 8k wallpaper), (((an extremely delicate and beautiful))),landscape/scenery,watercolor_(medium),1princess,cat girl,(((upper-body))),(bare shoulder,sideways,from sideways,side-body, (side-boob,bar_side-boob,focus on the bar_side-boob)),very long flowing rainbow hair,rainbow hair,hair between wet breasts,silver lace hollowing (white_chocolate|liquid:0.4) open-clothes, ((delicate and detailed snowflake texture lace hollowing (white_chocolate|liquid:0.4) open-clothes)), (wet see-through lace hollowing (white_chocolate|liquid:0.4) open-clothes),very long ribbons,covered by rose petals,hands behind the back,smile,star,starry river,starry night,rainbow ,colorful rose petals floating in the air,sky,colorful butterflies flying down from sky,detailed and beautiful color butterflies,(((the detailed and delicate rainbow texture rose and butterflies fill the screen))), ((Fill the screen)),((neck)),(((back))),(looking back), blush,dhalter dress, sliver hair,backless dress(illustrator:1.35), (sketch:1.1),",
和服 蕾丝 湿身 胸视角,"((masterpiece)), ((an extremely detailed and delicate)), (8k cg wallpaper), (stunning art), (ink splashing), (amazing), (self-portrait:1.5), (loli:1.3), (medium breasts), (wet see-through lace idol clothes:1.5), (wet:1.05), (1girl), silver long hair, silver hair, idol, (ultimate cute & girly:1.5), (bare:1.3), (((The chest is pressed against the screen))), (solo), hair ornament, japanese clothes, solo, kimono, (colorful hololive texture kimono:1.2), red eyes, flower, red nails, looking at viewer, blush, hair flower, striped, eyebrows visible through hair, colorful flowers background, holding, bangs, (((bare shoulder))), (((bare breast))),",
花园 紫藤 少女 脸视角,"((Gril In The Wisteria Tunnel)),(((masterpiece))),(incredibly_absurdres),(best quality),(highres),((ultra-detailed)),(girl in the garden),(garden in the dream), (extremely fantasy dream),(an extremely delicate and beautiful girl),delicate face,beautiful detailed eyes,(blue_eyes), (silver_hair),(medium_breast),disheveled hair,(wind,flowing hair),(crown of laurels),(delicate_Organza_lace_gown),elegant,arms behind back, (upper_body),focus on face,close up,(spring flowers),((beautiful_detailed_garden)),((Surrounded by Purple vine)),(delicate beautiful ice),(ice reflection light),(frost),(detailed_beautiful_blue_sky),cirrocumulus,butterflies,fireflies,firefly glowing,(detailed background),(depth of field),backlight,(cinematic light),(lens_flare),(best shadow),(extremely delicate and colorful Wisteria Tunnel), (fairy tale and dreamy),",
白毛 毛衣 侧乳,"(eromange), (masterpiece:1.2), (extremely detailed CG wallpaper:1.2), (best shadow), colorful, (sideways, side, focus on bare side-breast, (bare side-breast)), 1girl, (loli), (medium breasts), (wet see-through silver|sliver sweater|bar apron, snowflake texture sweater|bar apron), (wet), smile, bare shoulders, bare navel, beautiful and detailed blue eyes, long silver hair, precise hair, snowflake texture silver hair, :d, open mouth, blush, small breasts, on back, looking at viewer, sitting, breasts covered by petals, detailed and beautiful colorful bow, cute body, petals covered navel, snowflake striped, very long flowing hair, (cinematic lighting:1.2), depth of field, from side, (best quality)",
竹林 汉服 露胸,"((masterpiece)), ((an extremely detailed and delicate)), (8k cg wallpaper), (stunning art), ((illustration )), (ink splashing), (amazing),1girl,(fairy), (medium breasts),(wet see-through bamboo texture open hanfu:1.15),(wet:1.05),1girl, long black hair, solo, hair ornament, flower,flower decoration, bangs, upper body, very long hair, blush, looking at viewer, closed mouth, hair flower,bamboo texture open hanfu, detailed and delicate colorful open hanfu, wide sleeves, blunt bangs, floating hair, outdoors,collarbone,ink|bamboo,ink|bamboo forest backgroud,light,sunlight filtered through the bamboo,river,sitting in the river,",
黑白婚纱 百合花,"masterpiece,best quality,official art,extremely detailed CG unity 8k wallpaper,incredibly_absurdres,beautiful detailed eyes,an extremely delicate and beautiful,dynamic angle,floating, (beautiful detailed eyes), (detailed light) ,(1girl), medium_breasts,cleavage,bare shoulder,floating_hair, wet see-through lace wedding dress,((white and black lace wedding dress)),(black ink landscape painting background), ((long hair)), (floating hair), (pick and dye white hair), ((flowing transparent lily blossom)), (((ink))), (white and black hair), (flowing hair), (the picture fills the canvas), (bright pupils), white long lace ribbons sleeve,full body,(detailed and delicate flowers),(long white hair),(beautiful detailed eyes),(((best quality))),((solo)),brown eyes,detailed face,(cute),lily garden,Lily flowers petals texture sky ,detailed sky,smile,the girl is covered by lily flower petals,wind,Amazing,light shafts,pigeons,close to the viewer,holds on the back,",
花园 座椅 白毛 白丝 湿身,"((eromange))), ((masterpiece)), ((an extremely detailed and delicate)), (8k cg wallpaper), (stunning art), ((illustration )), (ink splashing), color splashing, (amazing), 1girl, Kawaii girl, bare shoulder, (Kawaii to the extreme:1.5), wet see-thrrough lace Lolita, (blue and white white rose texture Lolita:1.3), white rose background, delicate and detailed face and eyes, very flowing long white hair, white rose texture hair, (white rose hair accessories:1.2), ( dresses decorated with white rose:1.2), (Kawaii white lace stockings:1.3), precise background, blue mist, garden, stream, (in the stream of the garden), Sit in a chair, (((rose blooming fill the screen))), (((fill the screen))), ((wet, rain)),",
白毛 猫娘 萝莉 露背 洛丽塔,"((masterpiece)), ((an extremely detailed and delicate)), (8k cg wallpaper), (stunning art), ((illustration )), (ink splashing), (amazing),(1cat girl,loli:1.5),medium breasts,detailed beautiful face,delicate beautiful eyes,sliver long flowing hair and red eyes,white headdress rose flower,(white|purple noble gothic lolita:1.3),gothic lolita,(detailed and beautiful starry|white_rose texture gothic lolita:1.3),has silver patterns and lace, nature,rose flowers meadows, sunlight,star earrings,(delicate and detailed colorful rainbow starry sky background),(((delicate and detailed white rose fill the screen))),(((fill the screen))),bare shoulder,bareback,backless dress,",
旗袍 兔耳,"masterpiece,best quality,((cheongsam)),(Oriental classical city),lantern,There are many fireworks in the sky,((China)),On the street,Rabbit tail,Rabbit ears,Hands behind one's back,(White silk stockings),white_hair,Huge ahoge,Long hair,blue eyes,glowing eyes,night,in winter,very wide shot,style of azur lane,Volumetric Lighting,(((1girl))),((loli))",
猫娘 萝莉 粘液,"(((1girls))),(cat girl,one is white hair and the another is black hair),(((eromange))), ((masterpiece)), ((an extremely detailed and delicate)), (8k cg wallpaper), (stunning art), ((illustration )), (ink splashing), (colorful:1.5),color splashing, (amazing),(loli:1.3), (medium breasts),(wet see-through gradient clothing:1.15),(slime clothes), (wet:1.05),smile,wet see- through gradient clothes, bare_shoulders, bare_navel,brown_eyes, (snowflake texture white hair),long_gradient_hair, precise gradient hair, :d, open_mouth, blush, small_breasts, on_back, looking_at_viewer, lying,breasts covered by slime,collarbone, detailed and beautiful gradient bow,cute slime, slime covered_navel, slime striped, very_long_flowing_gradient_hair,",
雪花 雪女 礼服,"wet see-through sexy clothes, ((((white and blue lace Magic Girl Costume clothes)))), (((Snowflake texture Hair))), detailed and texture, Snowflake texture blossoms, (((((extremely detailed CG))))),((8k_wallpaper)), ((((snow-white texture gloves)))), ((beautiful detailed snow- white hair)), (((best quality))), ((ultra-detailed)), ((illustration)), ((frills)), (solo), (((masterpiece))), (((best quality))), ((ultra-detailed)), (illustration), ((an extremely delicate and beautiful)), dynamic angle, (beautiful detailed eyes), (detailed light), white hair, blue eyes, Snowflake, nature, (forest), (painting), 1girl, solo, finely detail, (beautiful detailed eyes), long hair, large breasts, white thighhighs,",
冰晶翅膀 短裙 露肚脐上衣,"ice crystal, winter, fairy, (medium breasts), ((ice crystal wings)), blue long hair with long locks, snowflake hair ornament, see-through wet blue miniskirt, barefoot, bare shoulders, see-through wet crop top, flying ice crystal, wind, (((((extremely detailed CG))))), ((8k_wallpaper)), (((best quality))), ((ultra-detailed)), ((illustration)), (((masterpiece))), ((an extremely delicate and beautiful)), (beautiful detailed eyes), (detailed light),",
黄毛 婚纱,"1girl,green eyes, blonde hair, solo, wedding dress, veil, holding bouquet, outdoors, scenery, cowboy shot, bridal gauntlets, bare shoulders, white legwear, Scenes with extreme detail ((extremely detailed CG)),(8k_wallpaper), illustration, overexposure, dynamic angle, focus,((extremely delicate and beautiful fabric)) ((beautiful detailed background)), beautiful details in the wind, ((extremely delicate and beautiful fabric)),((beautiful detailed surround)), beautiful details in the wind,wide vision ,wide-angle, ((masterpiece)), (best quality), (highres), (good anatomy), (hyper detailed), extremely delicate and beautiful, ultra-detailed,beautiful, (beauty),original, extremely detailed,best quality, loating,beautiful, (beauty),",
猫娘 粉毛 文胸,"(masterpiece:1.2), best quality,a girl, pink nightgown, pink cat ear hood, (white long hair:1.3), (pink eyes), duck sitting, ((hiding hands)),clothes open, pink bra, tsundere, obsessive expression,  blush, medium breast, cross white headdress, holding a bear doll, sitting on the bed, pink bed, bedroom,full body,looking at viewer, beautiful eyes, detailed eyes,",
女皇 礼服,"(best quality, masterpiece:1.2), photorealistic, ultra high res, front lighting, intricate detail, Exquisite details and textures, Knee Shot(KS),ultra realistic 8k cg,  flawless, clean, masterpiece, professional artwork, famous artwork, cinematic lighting, cinematic bloom, fantasy art, incredibly_absurdres, conformity to dynamics, aerodynamic compliance,1gril, solo,(young), perfect face, beautiful face, face highlight, detailed face, silver hair, absurdly long hair, very long hair, short bangs, looking at viewer, closed mouth, beautiful eyes , correct perspective, medium breasts, breasts out, narrow waist, standing demurely on top of the castle roof, white,clothes, thin gown, goddess crown, gorgeous queen, royal, divine, goddess, godlike, fantasy, dreamlike, unreal, beautiful clothes, lace, Lace panties, miniskirt, lace trim, lace-trimmed ,ribbon, legwear, (rich:0.6), prestige, luxury, jewelry, diamond, gold, pearl, gem, sapphire, ruby, emerald, intricate detail, delicate pattern, charming, enchanting, hair ornament, necklace, earrings, bracelet, armlet, goddess dress, exaggerated length silk scarf, (wind blowing clothes:0.3),huge castle, snowy scenery, clearly visible snowflakes, royal palace, castle rooftop, mountain, trees, grass, snowing, the snow is dancing,",
萝莉 汉服 樱花,"shiina mahiru, yellow eyes, eromanga, (loli), (extremely detailed CG unity 8k wallpaper, masterpiece, ultra-detailed), (best illumination, bestshadow, an extremely delicate and beautiful), dynamic angle, floating, finely detail, Depth of field (bloom), (shine), glinting stars, (watercolor medium), (painting), (sketch), white and pink wet hanfu| pajamas, pink thighhighs, keep hands on the back, smile, look at viewer, sakura and Jasmine background, long flowing hair, Jasmine Petals (blonde:1.24) hair, hair between wet breasts, sakura hair bow, highly detailed, high resolution, highly detailed yellow eyes, (solo), game cg, 1girl, Princess, bangs, blue sakura, detailed foreground, blush, medium breasts, cherry blossoms, eyebrows visible through hair, falling petals, floating hair, sakura, hair flower, hair ornament, leaves in wind, long hair, long sleeves, looking at viewer, sakura petals, sakura petals on liquid, pink sakura flower, pink hair, rose petals, see-through, solo, spring (season), upper body, very long hair, wind, hair flowing in the wind, yellow eyes, torino, cinematic lighting, best quality",
湿身 贴贴,"nsfw,(collarbone:1.331), (camisole:1.21),(2 girls:1.4),daytime,yuri,lesbian,kiss,lesbian,a green eyes blonde girl  and a black hair girl,straw hat, sex,a woman in a floral dress,tree brancha ,wet see-through dress,woman in a gray dress, a stock photo by Oleg Oprisco, pinterest, art photography,the dress with sequin like of the stars twinkling in the starry sky, wearing a necklace made of sapphire and gold, made of flowers, soft light, enchanting, cuffs decorated with light gold lines, a necklace made of sapphire and gold,",
温泉 浴衣,"(original) , (very detailed wallpaper) , (best quality) , (masterpiece) , very detailed illustrations, (1 girl) , beautiful eyes, (delicate face) , perfect detail, (best lighting) , (super complex details) , onsen, bath yuka, blush, wet clothes, queen, yukata, Perfect Face, long eyelashes, beautiful eyes, long dark hair, hair,4K unified, (super detailed CG: 1.2) , (8K: 1.2) ,",
婚纱 背面,"(full body, close up,focus on the girl,portrait:1.24)(((masterpiece,best quality,official art,extremely detailed CG unity 8k wallpaper))),incredibly_absurdres, ((beautiful detailed eyes)),((an extremely delicate and beautiful)),dynamic angle,floating, (beautiful detailed eyes), (detailed light) (1girl), medium_breasts, floating_hair, glowing blonde eyes, white hair,(see- through feather texture wedding dress:1.15), ,feather, feather texture wedding dress,leaves, nature, (sunlight), river,river is covered by feather, (forest),(painting),(bloom),white silk stocking,covered with rose petals,surrounded by white rose and feather, wet white kneehighs, red eyes,absurdly long hair, white hair, medium breasts,pectoral cleavage,bare shoulder,wet, ((neck)), (((back))),(looking back), dhalter dress, sliver hair,backless dress,shy,evil smile,",
蓝色 连衣裙 骆驼趾,"1girl,masterpiece, (8k, best quality, masterpiece:1.2),highly detailed,ultra-detailed,masterclass,best quality,illustration,hair_between_eyes,perfect lighting,blue butterfly hair ornament,blonde hair,long hair,(dark blue high-heeled shoes,dark blue lace dress,dark blue choker,(dark blue veil),dark blue gloves, black stocking),tiara, blue eyes,pussy,cameltoe, blush,",
紫毛 连衣裙 婚纱,"(QWQW)1girl, bangs, bare_shoulders, blush, braid, breasts, cleavage, closed_mouth, collarbone, cross, dress, earrings, elbow_gloves, eyebrows_visible_through_hair, flower, gloves, hair_flower, hair_ornament, jewelry, large_breasts, long_hair, looking_at_viewer, necklace, pendant, purple_eyes, purple_hair, sitting, solo, strapless, strapless_dress, thighhighs, very_long_hair, wedding_dress, white_dress, white_flower, white_gloves, white_legwear, window,",
爱丽丝1,"(((masterpiece))),best quality, illustration,(colorful),(depth of field:1.12), (focus on girl),((alice)),alice in wonderland, solo,cute face,(delicate detailed face),front view,(full body),long blonde floating hair, blunt_bangs,((white and blue frilled dress)), (white pantyhose),(long sleeves),(juliet_sleeves), (puffy sleeves),blue large bow,sleeves past wrists, sleeves past fingers,scenery,ray tracing,wonderland,extreme detailed effect,(many detailed yellow and white flowers),Butterfly,",
爱丽丝2,"(masterpiece),(best quality),(the alice in wonderland),(solo),1girl,(stading),(full body),(delicate face),white hair bow,blonde_hair,vely long hair,blunt_bangs,floating hair,(looking_at_viewer),blue eyes,beautiful detailed eyes,(white_frilled_dress),(white pantyhose), puffy sleeves,skirt pleats,blue dress bow,(rose),delicate details,",
荷花 躺在水面上夏季 连衣裙,"best quality, extremely detailed, masterpiece, finely detail, extremely detailed wallpaper, high resolution, (extremely detailed CG unity 8k wallpaper), (illustrations:1.3), (medium full shot), (from above:1.2), \[(solo), (1 girl is lying on the water), Blonde hair, Low twintails, *//*, (light blue summer_dress:1.2), (light blue beret:1.2), blue eyes, *//*, little smile, Bow tie, wet\], Lotus flower, Lotus leaf, on the water, ripple, Water wave, limpid, bright,",
白毛 蕾丝 无肩带 汉服 读书,"lace,ribbon,hanfu,(masterpiece, sidelighting, finely detailed beautiful gray eyes: 1.2), masterpiece, realistic, glowing eyes,shiny hair,white hair,long long hair, lustrous skin, solo, embarassed,Strapless,exquisite,beautifly,read book,garden,flowers,flying petals,",
粉毛 帽子 连衣裙 拿着花束,"((masterpiece, best quality)), 1girl, flower, solo, dress,sky, cloud, hat, outdoors, bangs,rose, expressionless, blush, pink hair, flower field, red flower, pink eyes, white dress, looking at viewer, midium hair, holding flower, small breasts, red rose, holding bouquet, sun hat, white headwear, depth of field,",
白毛 精灵  黑白蕾丝公主裙,"(((masterpiece))), (((best quality))), ((ultradetailed)), (illustration), ((white and black)),(watercolor_medium),((an extremely delicate and beautiful)),((Depth of field)),(huge_sliver_ring),(White silver bars are regular in the distance),((an extremely delicate and beautiful girl)),dynamic angle, floating, cumulus,wind,insanely detailed frills,extremely detailed lace,(a huge Silver gear in the distance),white sky,(beautiful detailed eyes),Many flying drops of sliver water,(detailed light),(1girl),(((Tulle lace white Princess dress))) , small_breasts, floating_hair,((glowing eyes)), pointy_ears, white hair, sliver hairband,sliver_hair_ornament, ((deep_green eyes)),many jewelry,halter dress, feather,black_lace,(Silver leaves), (white_nature), (white_light), (silver_rain),(Silver crystal),(iron_forest),(painting),(sketch),(bloom),",
蓝毛 水下 中式 泳衣,"1girl,white swimsuit,china dress,in container,underwater,rolling_bubbles,neon light,underwater frost,wariza, lightblue long hair,",
蕾丝 芭蕾 米色裤袜 淫纹 小乳房,"unparalleled masterpiece, ultra high resolutions, ultra realistic 8k CG, perfect artwork, photorealistic lighting, whole-body view, 1girl, looking at viewer, (heavy breathing, smile seductively:1.2) face, blush, wet, seductive posture, sexy pose, alluring, (small breasts, puffy nipples), slim, super idol face, beautiful eyes, perfect eyes, messy hair, sweat, long hair, floating hair, narrow waist, beautiful face, pure face, pale skin, divine goddess, ((detailed face)), ((perfect female figure)), detailed clothes, (white ballet costume:1.4), (pantyhose:1.4), lace, lace trim, lace-trimmed beige legwear, highheels, delicate pattern, intricate detail, (rich:1.4), womb tatoo, prestige, gorgeous, luxury,",
金毛 女仆 乳沟 白丝 提衣服,"1girls,full body,(loli:1.2),cleavage,blonde hair,white legwear,maid,detached collar,bare shoulders,lying,clothes lift,on bed,",
古典,"(masterpiece, high quality, highres,Highest picture quality), (Master's work),(zentangle:1.2),1girl,standing, classical,",
夜晚 白毛 萝莉 连衣裙,"masterpiece, best quality, ultra-detailed, an extremely delicate and beautiful, 8k wallpaper, illustration, moonlight, detailed light, ray tracing, dramatic shadow, an extremely delicate and beautiful girl, loli, very long hair, white hair, hair flower, white dress, looking at viewer, night, tattered church, vine, weed,",
秋天 落叶 金毛 白丝 洛丽塔 贴贴,"2 girls looking at each other,full body,(loli:1.2),blonde hair,white legwear,autumn, falling leaves,standing on one leg,(from side:1.1), detached collar,bare shoulders,lolita fashion, gothic lolita, church,",
林中 精灵 白毛 绿眼睛 吊带连衣裙 小乳房,"(((masterpiece))), (((best quality))), ((ultra-detailed)), (illustration), ((an extremely delicate and beautiful)),dynamic angle,floating, (beautiful detailed eyes), (detailed light) (1girl), loli, small_breasts, floating_hair, glowing eyes, pointy_ears, white hair, green eyes,halter dress, feather, leaves, nature, (sunlight), river, (forest),(bloom),",
梦幻 泡泡 粉蓝色卷毛,"(masterpiece:1.4, best quality:1.4),illustrations,(solo:1.2),(original),(very detailed wallpaper),(ultra detailed:1.4),(super-complex detail),1 girl,(pink|blue hair:1.3),(curly hair:1.3),(playful expression),(sitting:1.3),(bubble-themed outfit),(bubble skirt),(semi-transparent blouse),(bubble-patterned stockings),(colorful shoes),(cute accessories:1.2),(bubble earrings),(bubble necklace),(bracelets),(whimsical hair ornaments),(sparkling eyes),(surrounded by bubbles:1.3),(pastel color palette),(dreamy atmosphere),(light-hearted),(fun and youthful),(magical bubble powers),(floating bubbles),(bubbly personality),(soft lighting),(airy and weightless feel),(enchanted bubble land background),",
室内 齐刘海 半高髻侧辫 单辫长发 透视,"8k, best quality, ultra high res, (masterpiece:1.3),  1girl,  single braid long hair, half updo side braid,  blunt bangs, living room with indoor lights, relaxed atmosphere,see-through,",
公主 古典,"(masterpiece, high quality, highres,Highest picture quality), (Master's work),flat color, (colorful:1.1), (negative space:1.0),Tyndall Effect,light background, [(white background:1.2)::3],flower,petals, (zentangle:1.3),1girl,solo,solo focus,classical,noble,princess,collarbone, necklace,ornament,(blush:0.5),dress,  (wet, wet clothes, wet hair:0.8),bare shoulders, bare back, shiny skin, shiny hair, long hair,barefoot, bare legs,",
天使 婚纱 火焰 纹身,"1girl, portrait of a stunningly beautiful girl, exquisitely beautiful charming face, charming dark eyes, sharp eyebrows, blank expression, lovely little breasts, layered short black hair, thick eyelashes, (long hair :1.21), (white robe :1.21), standing in the burning destroyed city, blazing flames, burning black smoke rising in the sky, (Highest quality, amazing detail :1.25), (solo :1.3), brilliant and colorful paintings, tattoos like flames, wedding dress, bride, pure white wedding dress, (Burning wedding dress: 1.21), (Burning wings: 1.21), eternal burning wings carry me out of mortal perversion,",
满月 白毛 林中 蝴蝶 光腿 裸肩 连衣裙,"full moon, leaf, moon, plant, potted plant, bamboo, 1girl, palm tree, butterfly, bug, water, tanabata, branch, barefoot, night, lily pad,soaking feet,ankle cuff,vines, solo, outdoors, tree, sitting, long hair, wet, flower, smile, ivy, azure eyes,(silver hair), dress, lily of the valley, sky, hair ornament, bangs, blue butterfly,bare legs, looking at viewer, palm leaf,(stars:1.2),(azure eyes:0.8),(pure white dress:1.2),hairs between eyes,(bare back:1.2),(bare shoulders:1.2),caustic,cinematic lighting, landscape, hdr, lens flare, dynamic angle,",
芭蕾舞 脚尖旋转 舞台 oc渲染,"(unique), (ultra-detailed wallpaper), (highest quality), (masterpiece), photo-realistic, lifelike, intricate illustrations, (1 girl), enchanting eyes, (refined face), flawless detail, (optimal lighting), highly complex details, (ballet outfit), graceful pose, elegant expression, lithe figure, pirouette, ballet shoes, stage background, (4K unified), (extremely detailed CG), (8K), realistic, octane rendering,",
粉毛 透明 翅膀 纹身,"1girl,lightpink hair,long hair,(otherworldly beauty), (mystical realm), (prismatic colors), (cosmic backdrop), (spellbinding protagonist), (gossamer wings), (ethereal glow), (translucent garments), (detailed facial features), (intricate tattoos), (shimmering crystal adornments), (floating islands), (whirling vortex), (majestic celestial creatures), (infinite wonder), masterpiece, best quality,cowboy shot,",
旗袍 站立 萝莉 小乳房 俯视广角镜头,"(((masterpiece))),((illustration)),(ultra-detailed),(extremely detailed CG unity 8k wallpaper),(highly detailed),gaki5,best quality,(supper detailed),the most beautiful,detailed lighting,(cinematic lighting),lens flare,(looking at viewer),from above,wide shot,loli,((panorama)),(solo),(an extremely delicate and beautiful Goddess:1.3),beautiful detailed face,small breast,(china dress:1.6),small breasts,blue hair,long hair,((full body)),standing,",
浮岛 宫殿 淡粉色长发 全身 透明连衣裙 闪亮饰品,"(extremely detailed CG unity 8k wallpaper),(((masterpiece))), (((best quality))), ((ultra-detailed)), (best illustration),(best shadow), ((an extremely delicate and beautiful)),(floating castle,  floating palace),  (floating feathers),  fairyland,  dynamic pose,  spring, nature,  sunlight,  wind,  floating colorful bubbles, mist, flowers, mew,1girl, full body, (shiny hair),  (lightpink hair),  (suframare beauty), white see-through dress, silk,  tullece, (translucent garments),  melowh,  (shimmering crystal adornments), shone,",
星空 夜晚 花瓣 灰毛 裸肩 黑色连衣裙 ,"1girl, flower, detailed eyes, gradient eyes, aqua eyes,pink eyes, eye glitter, solo, long hair, dress, hair ornament, grey hair, sky, star (sky), hair flower, black dress, night sky,  breasts, starry sky, long sleeves, night, ribbon, white dress, petals, jewelry, bare shoulders,",
海底 蓝白洛丽塔连衣裙 星星眼 泡泡 热带鱼 动态姿势 调整裙子,"best quality, perfect lighting, loli, (solo), detailed eyes, blue eyes, Multicolored pupils, (gradient hair <white :Yellow>::1.1), long hair, looking away, star Next to the eyes, adjusting star, (Healthy laughter:0.8), (Gorgeous blue dress), tea party, Afternoon, dynamic pose, Headbands, outdoor, adjusting dress, White lace in dress, (full body:1.1), alice dress(Blue and white), (More clothing patterns), (Very gorgeous Lolita costume:1.2), poker dress, dream atmosphere, Floating Bubbles, Multi-colored bubbles, incredib, The underwater world, Lots of tropical fish, in bubble, barefoot,",
城市 樱花 粉毛 御姐 婚纱 ,"masterpiece,cityscape,(best quality:1.05), (masterpiece:1.1025), (highres:1.05), original, extremely detailed 8K wallpaper, full body,solo,Aestheticism Painting,highres,Amazing,beautiful detailed eyes,finely detail,Depth of field,extremely detailed CG,beautiful detailed eyes,1girl,finely detail,intricate detail,(an extremely delicate and beautiful girl),finely detail,Depth of field,(full body),highly detailed,detailed clothes, detailed face, detailed eyes,detailed background,detailed skin,cityscape,lens flare ,necklace, tassel,earrings,hair ribbon,ribbon,nature,Cherry blossoms,standing, hair ornament,hair stick,(((white skirt)),wedding dress, bridal veil,medium_breasts,parted lips,seductive smile ,very_long_hair,wavy_hair,pink_hair,slim waist,mature female,(an extremely delicate and beautiful:1.05),female focus, beautiful face,prefect face,delicate face, tall,",
教堂 花窗玻璃 萝莉 白毛 天使 十字架  小乳房 裸肩 透明连衣裙 赤脚 浮空,"(masterpiece, high quality, highres,Highest picture quality), (Master's work),(religion theme :1.25),blurry background,warm light,, (colorful:0.7),(church:1.1), (Flower window glass,tyndall effect:1.05), floating white feathers, (halo:0.95),light on face,(zentangle:1.3),(closed eyes:0.55),eyelashes,(1loi:1.1),angel,angel wings,white wings,huge wings,solo,collarbone,(crucifix:1.1) necklace,ornament,(blush:0.6), (ahoge:1), (makeup:0.5), small breasts, (head tilt:0.75),white dress,see-through, floating in the air, graceful,noble, barefoot, Standing at an angle,(from side:0.8),bare shoulders, shiny skin, shiny hair,long hair, peaceful,(bright pupils:1.1), yellow eyes, white hair, floating hair,cold face,",
黄毛 猫娘 白色连衣裙 红色指甲 沙发 食物印花,"1girl, long hair, red footwear, cat ears, flower, looking at viewer, ribbon, bow, hair ornament, bangs, red nails, white dress, solo, frills, blonde hair, frilled dress, nail polish, cat girl, twintails, standing, socks, hair bow, full body, long sleeves, candy, red bow, :o, wavy hair, hair ribbon, blush, cherry, animal ear fluff, armchair, brown eyes, blunt bangs, chair, couch, white flower, food print,",
夜晚 白毛 蓝色发光眼睛 法式辫子 乳沟 雪纺连衣裙 落地窗 蓝色蝴蝶,"(best quality), (masterpiece), incredibly_absurdres, highly detailed, refined rendering, illustration, (highres), original,floating,close up,flat shading,(upper body:0.85),one girl,(azure blue eyes:1.324,(glowing eyes:1.233),(beautiful and detailed eyes:1.1),(Silver hair:1.14),(messy hair,very long hair,french braid,hair between eyes,sidelocks), (chiffon dress),(bule flower pattern in uniform),(detached sleeves),(wide sleeves),choker,(standing),(cleavage:1.012),(classical Princess boudoir with dressing table),(french window),(white flowers,bloom),(abysmal sea),(flowing water),(ruins),(night:1.2),(fluorescence),(flying translucent blue butterflies:1.15),",
花草地 金毛 婚纱 花束,"(best quality), ((masterpiece)), (highres),extremely detailed 8K wallpaper, 1girl,game cg,maiden, cinematic angle,delicate skin, blush,aquagradient eyes, (detailed eyes),(gradient  blonde hair),(gradient blue eyes), Cherry blossoms,flying petals,mountain,flowers meadows, detailed background, outdoors, (delicate wedding dress), neck ribbon, bridal gauntlets, bridal veil, hair ornament, hair flower, bouquet,wedding band,",
废墟 白毛 短发 萝莉 全身 侧面 白色连衣裙 白色丝袜 吹起裙子,"masterpiece, best quality, illustration, official art,extremely detailed CG unity 8k wallpaper, HD background, (1girl), ((solo)), (full_body), ((loli)), (little girl)), lookl at  viewers, A picture full of tension, Side face, in Amid the ruins, ((white_hair)), short_hair, Golden_eyes, white_Dress, The wind blows up the skirt, White silk stockings,",
粉毛 妹妹 嫌弃 丝袜 骆驼趾,"(best quality), (masterpiece), (highres), original, extremely detailed 8K wallpaper, 1girl, (an extremely delicate and beautiful),little girl,pink hair,pink eyes,sister, twintails,contempt eyes,trample,foot focus,frown,jitome,(from below),loli,(white legwear|black legwear),cameltoe",
白毛 短发 波浪嘴 衬衫 背心 黑色短裙 提衣服 白色裤袜下的内裤 下面视角,"(masterpiece:1.2),illustration,beautiful detailed,colourful,finely detailed,dramatic light,intricate details,perfect anatomy,1girl,solo,looking at viewer,blush,short hair,open mouth,bangs,white pantyhose,panties under pantyhose,skirt,silver hair,shirt,eyes,long sleeves,ribbon,hair between eyes,underwear,standing,panties,hair ribbon,white shirt,cowboy shot,small breasts,shiny,collared shirt,tears,black skirt,clothes lift,vest,shiny hair,red ribbon,ascot,nose blush,wavy mouth,skirt set,wet clothes,black vest,(from below:1.5),",
花园 萝莉 白毛 动物耳朵 湿身 蕾丝 礼服 丝袜 掀裙子,"((masterpiece)),((an extremely detailed and delicate)),(8k cg wallpaper),(stunning art),((illustration )),(amazing),(loli:1.3),(medium breasts),(wet see-through lace clothing:1.15),(wet:1.05),Very low lens:1.2,Focus between the legs:1.2,1girl,Kawaii girl,(Looking down:1.5),highres,blush,smile,open mouth,long white hair,flowing_hair,bangs,blue eyes,wet white lace trim rose evening dress,extremely detailed background,ancient palaces background,white lace trim silk stockings,animal ears,bare shoulders,bare navel,wet medium_breasts,(((finely detail rose fill the screen))),(((fill the screen))),(bloom:1.5),(extremely detailed European style garden),( in the garden:1.5),(beautiful butterflies flying down from the sky),(the girl is covered by colorful butterflies and rose),water,very long white ribbon,(Lift up the skirt),",
金毛 女仆 掀裙子 白色内裤 吊带袜,"(masterpiece:1,2),best quality,masterpiece,highres,original,extremely detailed wallpaper,(extremely detailed CG:1.2),(8k:1.1),adult,maid,blonde hair,long hair,wavy hair,medium breasts,(skirt lift),((white panties,legwear garter,garter belt)),earrings,jewelry,",
花园 萝莉 白毛 动物耳朵 湿身 蕾丝 礼服 丝袜 掀裙子,"((masterpiece)),((an extremely detailed and delicate)),(8k cg wallpaper),(stunning art),((illustration )),(amazing),(loli:1.3),(medium breasts),(wet see-through lace clothing:1.15),(wet:1.05),Very low lens:1.2,Focus between the legs:1.2,1girl,Kawaii girl,(Looking down:1.5),highres,blush,smile,open mouth,long white hair,flowing_hair,bangs,blue eyes,wet white lace trim rose evening dress,extremely detailed background,ancient palaces background,white lace trim silk stockings,animal ears,bare shoulders,bare navel,wet medium_breasts,(((finely detail rose fill the screen))),(((fill the screen))),(bloom:1.5),(extremely detailed European style garden),( in the garden:1.5),(beautiful butterflies flying down from the sky),(the girl is covered by colorful butterflies and rose),water,very long white ribbon,(Lift up the skirt),",
鱼眼镜头 萝莉 东亚建组 连衣裙 花卉印花 耳前侧发马尾辫,"(Highest picture quality),(Master's work),(Detailed eye description),(macro shot:1.25),(8K wallpaper),(Detailed face description),depth of field,(lens flare),falling petals,(standing:0.85),(close-up:0.8),(fisheye:1.2),(1loli:1.2),(from above:1.2),1girl,solo,long hair,outdoors,brown hair,looking at viewer,long sleeves,blue eyes,braid,bangs,grass,dress,blush,smile,flower,full body,tree,day,hair ornament,cloud,parted lips,floating hair,tassel,hair ribbon,floral print,sky,medium breasts,braided ponytail,butterfly,water,closed mouth,socks,single braid,white socks,cloudy sky,east asian architecture,red flower,sidelocks,branch,mountainous horizon,white flower,rope,obi,Dynamic angle,colorful,floating wind,",
概念艺术 蓝毛 白色泳衣连衣裙 彩色水晶翅膀 斗篷 全身,"((Masterpiece)), ((Very detailed)), ((Best Quality)), ((8K wallpaper)),Fantasy, Multiverse, Concept Art, (1 girl:1.5, solo, colored eyes, white swimsuit, porcelain dress, ( colorful wings, crystal wings:1.5), long hair, light blue hair, cape, (rolling bubbles), neon signs, colored bubbles with black background, flowing, floating hair, dynamic pose, sunlight, ray tracing, rose graffiti, flowing in the air, full body, from the front,",
2女孩 贴贴 吐舌头 蕾丝褶边彩色内衣 淫纹,"2girls, show public crotch tattoo all girls, all girls show upper abdomen and  navel and lower abdomen, medium breasts, ((detailed lace frilled colorful panties and bra)), ((huddling together)), side by side, facing one another, tongue out, put heads together, nsfw, from above, on bed, ahegao, female orgasm, blush,",
教堂 天使 萝莉 触手 怀孕,"nsfw,masterpiece,(best quality),(extremely detailed CG),cinematic lighting,intricate detail,sharp focus,(loli girl:1.22)solo,detailed background,many frills,illustration,(loli girl:1.22),( angel wings:1.3),(pregnant),(white  hair:1.16),empty eyes,arms up,spread legs,tentacles,full body,(lactation),((giving birth)),no pupils,child,crying,despair face,(Church of evil god with evil tentacles:1.3),stained glass,highly detailed skin,texture hair,detailed big blue eyes,",
nsfw 头冠 透明 褶皱连衣裙,"nsfw, 1girl, standing, front view, aqua eyes, absurdly long brown hair, closed mouth, earrings, tiara, looking at viewer, see-through, insanely frilled long sleeve white dress, completely white dress, long hair, solo, (waifu, anime, exceptional, best aesthetic, new, newest, best quality, masterpiece, extremely detailed:1.2), beautiful knee, wdgoodprompt,",
运动服 透明 巨乳 汗水,"nsfw, (Hetero:1.103), (girl and boy:1.103), loli girl, 12 years old, 120cm girl, Very small girl, huge breasts, (Breasts swaying:1.103), slim waist, shiny hair, child-faced, Long eyelashes, half closed eyes, wearing clothes, (crop top, Athlete:1.103), see-through, sweaty clothes, wet clothes, (sweat:1.158), (Running form, sprint:1.341), (wind:1.103), (Highly detailed scenery:1.103), (street:1.05), (dynamic angle:1.158), (bright:1.05), (lens flare:1.05), (crowd, curious onlookers, rubbernecks:1.216), (multiple boys:1.158), (face and body of a Adult man:1.158), (naked man:1.158), realistic, (masterpiece:1.216), (lens 135mm f1.8:1.216), (hyper extreme detailed body:1.341), (finely detailed beautiful eyes and face:1.341), (high resolution:1.552), (best quality:1.552), (4k, 8k, 16k:1.552), (100-layer:1.552),",
巨乳 奶牛 短发 白毛 精灵 精液 人群,"masterpiece,best quality,ultra-detailed,illustration,extremely detailed CG unity 8k,(1girl:1.35),(((crowd and onlookers))),(skimpy:1.2),Gorgeous embroidery,(white striped_dress),gold_trim,tiara,groin,(side_slit),frills,gloves,girl with (fair skin:1.11) and (large breasts:1.5),(gigantic breasts:1.35),breast expansion,plump,(CHUBBY:0.75),(wide hips:1.2),(thick thighs:1.22),(oiled:1.25),wet skin,skindentation,jewelry,bracelet,ELF,white hair,short_hair,wavy hair,steam,off_shoulder,juliet_sleeves,frilled_sleeves,white flower hair ornament,oppai_(((loli))),chibi,sweat,chain,covered_erect_nipples,hairclip,neck_ribbon,(shiny skin:1.25),FOG,(onlookers in the background),park with lots of people,Clouds,naughty face,naughty SMILE,tongue out,embarassed,(bags),stylish pose,++++++++++,tassels,SIDE,(cum on breasts:1.3),red_eyes,white thighhighs,",
金毛 萝莉 坐着 提裙子 阴道,"1girl,nsfw,vaginal,lift skirt ,happy sex,(tilting head),beautiful blue eyes,best quality, clear face, close up of cute clear 10yo low teenage cute delicate girl, lifted skirt, (shy blush:1.1), (small breasts:1.1), extremely detailed frilled panties, slight smile, looking at viewer, insanely frilled white dress, extremely detailed excess frilled skirt, absurdly long blonde hair, sitting, shiny skin, small tiara, extremely detailed delicate, backlighting, masterpiece,perfect anatomy , best quality,ultra-detailed,dynamic angle and lighting,caucasian,",
萝莉 齐刘海 双马尾 运动衫 腹股沟 体操灯笼裤,"(masterpiece:1.2), sigma 135mm lens, perfect lighting, (extremely detailed CG:1.2), (8k:1.1), best quality, highres, original, extremely detailed wallpaper, blunt bangs, (black and two-side-up hair:1.3), (1 girl 11yo:1.3), smile, Looking Up, (flat breasts:1.3), (Cheeky little bitch:1.3), red eyes, (tsurime:1.3), A mole under her right eye, She is showing her double teeth, (posing:1.3), (white gym shirt:1.2), (dark-blue Fitness gym bloomers:1.1), Groin, Raw legs, (Slightly open crotch:1.1), (crotch seam:1.3), (thicc:1.2), (LOLI:1.3), (pulling back her hips:1.1), sweating, :o, headband, sunlight, wind, trackside, best quality, ",
萝莉 短裤 精液流出阴道 骆驼趾,"1girl, loli, nsfw, bike shorts, wet shorts, pussy open wide under shorts, cum inside a lot, semen overflow from pussy and anal, vibrator spray from pussy, camel toe, (best quality:1.2), ",
2女孩 开叉旗袍 连裤袜,"2girls, masterpiece, best quality, ultra-detailed, illustration, ray tracing, dim light, detailed background bedroom, long disheveled silver-haired, yet small slim girls with high ponytails are lying, and the girls wear intricate black high slit cheongsams with pantyhose and white fur trim elbow gloves,",
2萝莉 夜晚 贴贴 泳衣 骆驼趾,"nsfw, blue eyes, masterpiece, best quality, (loli:1.3),(child:1.2),clear face, cute two girls kissing each other, kissing breasts, (hug:0.8), (blush:1.4), half-closed eyes, (flat chest:1.1), absurdly short blonde hair, middle black hair, (cameltoe:0.8), standing, head to thighs,  poolside, (night, midnight:1.2), cinematic lighting, competitive swimsuit, one-piece swimsuit, (plump:0.8), , (wet skin:1.3), (wet hair:1.5), sweat, 8k wallpaper,",
金毛 萝莉 皇冠 连衣裙 骆驼趾,"best quality, 8k wallpaper, (1 loli girl:1.1), (solo:1.15), (skinny:1.2), (camel toe:1.3), ( insanely frilled white  dress, extremely detailed excess frilled skirt:1.5), (tiara:1.3), (shiny oily skin:1.1), (intricate blonde hair:1.2), (sky blue eyes:1.3), (squinting eyes:1.2), (eyelashes:1.2), Various hairstyles, (bed room:1.1), (daytime:1.2), invitation, dynamic angle, ",
14岁 冰晶娘 透明 水晶服,"masterpiece, best quality, extremely detailed CG unity 8k wallpaper, extremely detailed, art of light novel cover, highres, cel shading, (outdoors, nature, sea, blue water, blue sky with clouds:1.25), (night), stars, moon light, ice world, (frozen world), (crystal trees), (detailed blue transparent ice:1.2), (green transparent glass strips:1.2), (colorful refraction), (floating glass fragments), transparent and neon highlights, (legendary crystal elf), anthropomorphic, (crystal elements:1.8), (complex details), (1girl:1.3), (solo), (beautiful and delicate eyes), exquisite face, cowboy shot, messy floating hair, messy hair, head decoration, small breasts, (lovely), focus, (fantasy wind), (Colorful and transparent Crystal clothes (complex details):1.2), (14 years old:1.2), magic effects, ",
hiten 和服 紫色,"masterpiece,hyper detailed,highres,good anatomy, (((best quality))), ((an extremely delicate and beautiful)),an extremely detailed and delicate,8k cg wallpaper,illustration, ((greyscale with colored background)), ray tracing, bokeh, 1girl, solo, detailed face, (purple eyes:1.2), medium breasts, (japenese clothes:1.5), (purple flowers:1.2), hiten1,",
hiten 乳沟 自慰 阴部淫水,"nsfw, masterpiece, best quality, highres, ray tracing, bokeh, room, bed, light particles, brown, chromatic aberration, 1girl, solo, (large breasts), cleavage, ((nipples)), ((hand on pussy)), ((pussy juice)), saliva, black off-shoulder shirt, ((lace trim)), hiten1,",
裸体 丝袜 动物耳朵 光泽皮肤 阴道 肛门 液体 ,"masterpiece, best quality, CG, wallpaper, HDR, high quality, high-definition, extremely detailed, 1girl, nude, stockings, animal ears, wet, oiled, lubed, shiny skin, dripping, pussy juice, bodily fluids, sweat, wet skin, liquid streaks, [[anus]], ",
乳沟 睡衣 连衣裙,"(negligee:1.2), (dress:1.1), 1girl, solo, standing, cowboy shot, indoors, frills, medium breasts, cleavage, ",
乳沟 内衣 肚脐 透视,"see-through, navel, underwear, 1girl, solo, standing, cowboy shot, indoors, medium breasts, cleavage,",
乳沟 透明 乳头 连衣裙,"(see-through silhouette:1.2), white dress, sundress, cowboy shot, (wind), medium breasts, cleavage, covered nipples, (frills),",
白金毛 萝莉 护士 白丝,"1girl, (solo:1.2), (cowboy shot:1.2), (loli:1.3), (see-through), nurse, nurse cap, (white gloves:1.2), (white pantyhose), high heels, (Beautiful and detailed eyes description), (Beautiful and detailed face), long hair, platinum blonde hair, low twintails, big eyes, medium breasts, blush, shy, watery lips, unbuttoned, indoors, hospital bed, window, white curtains, sunlight, lying, (best quality), (ultra detailed), (masterpiece), (highres), (original), (extremely detailed CG unity 8K wallpaper), character design, game cg, detailed manga illustration,",
白毛 双马尾 萝莉 巫女服 丝袜,"1girl, (solo:1.2), (loli:1.5), sitting, (Beautiful and detailed eyes description), (Beautiful and detailed face), long hair, white hair, big eyes, medium breasts, blush, shy, watery lips, twintails, cure lovely miko, nontraditional miko, (white gloves:1.2), (black pantyhose), high heels, indoors, shrine, torii, (full body:1.2), (best quality), (ultra detailed), (masterpiece), (highres), (original), (extremely detailed CG unity 8K wallpaper), official art, detailed manga illustration, ",
2女孩 街道 日本时尚,"masterpiece, best quality, small breast, 2 young girls, jirai fashion with pink and black, looking at viewer, night, street, shop, store, neon, ",
芭蕾舞 金色 大腿间隙,"masterpiece, best quality, highres, 1girl, wearing yellow ballet dress, wearing tutu, a ballet dancer, (in a ballet pose:1.3), (medium breasts:1.1), wide hips, thick thighs, (thigh gap:1.2), big butt, (hair flower:1.2), closed mouth, standing, in a theater, ballet corp,",
金毛 卷发 瑜伽露腹短上衣 乳头勃起,"Masterpiece, detailed light, rich in detail (beautiful delicate face), (clear face), (detailed face depiction), (exquisite), (extreme light and shadow) (a extremely delicate and beautiful), (((best quality))), ((beautiful detailed eyes)), (eyelash), extremely detailed, 8k, wallpaper, ((ultra-detailed)), ((illustration)), 1 girl, From the side, (standing :1.2), (Cream hair), (Light purple eyes), (medium  hair), (coilyhair), sexy, (tall woman), (small_breast :1.3), earings, (Harvest Gold gymtastic_yoga_croptop, cleavage, woman wearing the gymtastic_yoga_croptop:1.2), hands_on_hips, (:1.3), erect nipples, horny_face, blush,",
星空 白毛 站在水上 手背,"(best quality:1.4),(light:1.543),(full body:1.23),(Leaning forward slightly:1.183),(from below),(wind blows:1.421),(blue, red, pink, flower clusters: 1.6532),(looking at viewer) Deep view,(lights:1.1), (blue, red, pink, flower clusters: 1.6532),(Petals floating on the water:1.212),(stone),(starry sky:1.5),(shooting stars:1.5),(galaxy:1.543) (one girl:1.54), (standing in the water:1.642),bare legs,(long long white hair:1.34),(ends of the hair turn blue:1.06),(small:1.12),(white eyes:1.21),(arms behind back:1.425),(blush:1.1),(thigh:1.1),(thigh lace-up:1.3),butterfly,butterfly hair ornament,(thighs:1.08),(cleavage:1.24),necklace,(sapphire decoration),(Wide sleeves),",
灰毛 金色闪亮连衣裙 新娘内衣 提连衣裙 骆驼趾,"1girl,Shiny Gold Dress,Bridal underwear,long grey hair,large breasts,cameltoe,standing,dress lift,night,house,",
白毛 黑皮 婚纱 魅魔 淫纹,"best quality, highres, extremely detailed, 1girl, beautiful face, (white hair:1.1), (black skin:1.1), (dark skin:1.1), bridal veil, bridal gauntlets, (bridal garter:1.2), (darkness tattoo:1.2), (glowing tattoo:1.2), (pink tattoo:1.2), wings, horns, stained glass, radiant colors, vintage filter, intricate patterns, glowing light, Cowboy shot, captivating details,",
白毛 女仆 萝莉 平胸 透明连衣裙 湿身,"1girl, (solo:1.2), (full boy shot:1.2), (Beautiful and detailed eyes description), (Beautiful and detailed face), (young girl:1.5), (20 years old), long hair, platinum blonde hair, low twintails, very big eyes, small breasts, shy, blush, (loli:1.3), cure lovely maid, (see-through white maid dress:1.5), maid headdress, maid apron, (white gloves:1.2), (white pantyhose), high heels, indoors, warehouse, (sweat:1.3), (wet clothes:1.3), (soaked:1.4), walking, (best quality), (ultra detailed), (masterpiece), (highres), (original), (extremely detailed CG unity 8K wallpaper), character design, game cg, detailed manga illustration, ",
白毛 处女 教堂 白色蕾丝镶边连衣裙 丝袜 面无表情,"(best quality, ultra-detailed), (best illumination, best shadow, an extremely delicate and beautiful), dynamic angle, floating, finely detail, Depth of field, (bloom), (shine), glinting stars, (illustration), (painting), (sketch), (solo), bishoujo, light, best, medieval, ornate, colorful, golden, silver, blue, semstone color, aura, backlight, strong rim light, ray tracing, cinematic angle, adorable, 1girl, holy virgin, expressionless, very long hair, grey hair, (((detailed eyes))), looking at viewer, small breasts, lace-trimmed dress, white dress, white garter straps, tiara, hair ornament, jewelry, ribbon choker, pendant, heaven, churches, behind the virgin is the huge golden church,",
白毛 萝莉 兔女郎 鸭子坐,"(masterpiece:1.1), (best quality:1.1), 1girl, solo, wariza, long hair, white hair, loli, looking at viewer, white playboy bunny leotard, navel, open mouth, blush, blue eyes, thighhighs, collar, fitting room, window, beach, biue sky,",
金毛 粉色洛丽塔时尚 礼帽 全身,"(masterpiece:1.3), (ultra detailed:1.3), (best quality:1.2), (best illumination:1.2), (best illustration:1.2), (cinematic light:1.2), (full body:1.3), (extremely beautiful and detailed) girl, (child:1.2), cute, (lolita fasion:1.25), standing in victorian-style square, (flaxen hair:1.2), standing, long wavy hair, hair ribbon, beautiful red eyes, (long ((gorgeous)) lace-trimmed pink dress:1.2), (velvet collar:1.2), (crease:1.25), frills, neck ribbon, lace-trimmed formal hat, elegant, exquisite, luxury, splendid, romantic, decorative, ornaments, intricate, france rococo, decorative patterns, silks and satins,",
皇后 水晶 连衣裙 全身,"((masterpiece)), illustrations, (solo:1.2), (super-complex detail), (delicate face), full body, 1girl, mid shot, ((crystal queen:1.5), (ethereal:1.2), (glowing:1.2)), female, (mid shot:1.2), (mysterious:1.2), (enchanted:1.3), (otherworldly:1.1), (dazzling:1.1), (mesmerizing:1.2), (radiant:1.2), (crystalline:1.3), (diamonds:1.2), (crystal dress:1.2), (flowing hair:1.1), (glittering:1.1), (frozen flowers:1.2), (sparkling eyes:1.1), (magic:1.2), (glacier:1.1), (crystal palace:1.3), (frosty trees), (shimmering lake:1.2), dazzling aurora, (snowflakes:1.2), (frosty mist:1.1),",
白毛 金银花边连衣裙 大胸 提褶边,"(best_quality:1.3), (masterpiece), 1girl, 18 years-old, (A sexy dress:1.2), White dress, Lace skirt, Lift the hem, large breasts, ((((gold and silver lace)))), bow hairband, exquisite facial features, prefect face, serene expression, intricate adorable beautiful face, extremely detailed gorgeous tiara, White headband, hair ornaments, breeze, river, dance, cowboy shot, ",
白毛 黑白连衣裙 大胸,"1girl, (masterpiece), (best_quality:1.3), 18 years-old, dress, (((black and white melt))), large breasts, exquisite facial features, prefect face, serene expression, clear blue transparent sky, intricate adorable beautiful face, hair ornaments, ((white thighhighs with Four-pointed star pattern embellishment without shoes)), very delicate light, nature, breeze, flowers and grass meadow, near the water edge, starry sky in a circle), randomly distributed clouds, river, falling petals, extremely detailed gorgeous tiara, Floating with golden light, 8k,",
白毛 包子头 白色蕾丝 手套  睡衣 乳沟 面部标记,"1girl, solo, double bun, ((transparent white lace pajamas)), white lace elbow gloves, cleavage, braid, looking her target, hair ornament, jewelry, white hair, sleeveless, standing, very long hair, earrings, bangs, bare shoulders, hairclip, facial mark, parted lips, red eyes, sideboob, lace trim, sidelocks,",
山谷 河边 光照 部分水下摄影大胸 文胸 粉白色丝袜,"((masterpiece), (best_quality:1.3), (ultra_detailed:1.3), 8k, (((extremely clear))), vivid color, cinematic lighting, 1girl, large breasts, ((pink white thighhighs with Four-pointed star pattern embellishment)), (Bra:1), exquisite facial features, serene expression, beautiful gradient hair, scenery, clear blue transparent sky, fantasy valley in mountains, outdoor, intricate adorable beautiful face, hair ornaments, flower style, ((beautiful and delicate water, the finest grass, very delicate light, nature, painting, breeze, flowers and grass meadow, near the water edge, sunset, starry sky in a circle, randomly distributed clouds, river, splashing water, falling petals )), (((Tyndall effect, available light))), ((ink splashing)), ((color splashing)), ((((dyeing)))), (((colorful bubble))), (partially underwater shot:1.2),",
白毛 齐刘海 卷毛 蓝白褶边连衣裙 白色连裤袜,"(((masterpiece))), (best quality), extremely delicate and beautiful, (ultra-detailed), 1girl, solo, white hair, long hair, curly hair, blunt bangs, blue eyes, medium breasts, (blue frilled dress), (white pantyhose), white gloves, short sleeves, Blue ribbon, ((detailed and intricate fabric)), detailed light, look at viewer,",
白毛 花园 14岁公主 小乳房 白色连衣裙 公主礼服,"masterpiece, 1girl, anime face, cute girl, ultra detailed, best quality, 14-year-old girl, blue eyes, ((goddess)), (((princess))), embodies the goddess of art and beauty, an endearing smile, small breast, long hair, silver hair, opened eyes, detailed, (aristocratic dress), white dress, princess dress, ((frill)), decorated with ornate embellishments, tiara, jewelled necklace, medieval europe environment, walking, (floral garden), (flower garden),",
白毛 夜晚 连衣裙 坐着 白丝雪糕,"1girl, bangs, blue eyes, bow, curtains, dress, white legwear, white gloves, envelope, eyebrows visible through hair, feet, food, frills, hair between eyes, hair ornament, indoors, knees up, looking at viewer, night, night sky, no shoes, shooting star, silver hair, sitting, skirt, sky, solo, star \(sky\), star \(symbol\), star hair ornament, starry sky, very long hair, window,",
金毛 室内 花瓣 蓝白连衣裙 斜视镜头,"1girl, bangs, blonde hair, blue dress, blue eyes, bow, branch, cherry blossoms, collarbone, dress, dutch angle, flower, indoors, long hair, long sleeves, looking at viewer, parted lips, petals, pink flower,solo, white dress, white flower, wide sleeves,",
白毛 乳沟 露肚脐 黑色内衣,"1girl, ass visible through thighs, bangs, bare arms, bare shoulders, black bra, black panties, blue eyes, blush, bra, breasts, cleavage, collarbone, cowboy shot, eyebrows visible through hair, hairband, headdress, lace, lace-trimmed bra, lace trim, lingerie, lolita hairband, long hair, looking at viewer, medium breasts, navel, panties, parted lips, silver hair, solo, standing, stomach, thigh gap, thighs, underwear, underwear only,",
公主婚纱裙 拍照姿势 电影灯光 动态角度,"woman posing for a photo, wearing wedding princess dress, 4k, high-res, masterpiece, best quality, head:1.3, finely detailed skin, sharp focus, (cinematic lighting), collarbone, night, soft lighting, dynamic angle, [:(detailed face:1.2):0.2], (5 stars hotel:1.1),",
金发 萝莉 湿蕾丝金边连衣裙 侧辫 花田,"(Masterpiece, best quality:1.4), (ultra-detailed),God rays, ray tracing, beautiful detail eyes, extremely detailed,extremely detailed CG unity 8k wallpaper,illustration,lens 135mm,f1.8,depth of field,aquagradient eyes,naughty face,(solo),(loli,liitle girl:1.3),an extremely delicate and beautiful girl,cute,light golden hair,bright and detailed eyes,green eyes,long hair flowing with the wind,long bangs between eyes,messy hair,payot,lateral braid,wet white dress with gold decoration,wrinkled skirt,tulle lace white skirt,beautiful hair ornaments,delicate wet skirt,bare legs,blush,happy,:d,cowboy shot,(drizzle),(flower field),nature, painting, water spray,Flowers and grass meadow, sunset, blue sky,river, splashing water,(falling petals),",
公主 王座 红金色连衣裙 白丝,"((masterpiece)), (best quality), (an extremely delicate and beautiful girl), cg 8k wallpaper, colorful, full body, shiny skin, detailed face, detailed eyes, detail background, 1girl, solo, princess, red and golden dress, white legwear, princess dress, white gloves, gemstone jewelry, palace, golden throne,",
教堂 裸肩 露乳 婚纱 自己提裙子 阴道 淫水 ,"masterpiece, best quality, ultra-detailed, illustration, an extremely delicate and beautiful, 1 girl, pretty girl, baby face, petite, gigantic breasts, wearing wedding dress, church, blash, nipples, pussy, pussy juice, potbelly, knee socks(color:white), cross-eyed, bare shoulders, skirt lift by myself, breathless,",
jk 百褶裙 掀裙子 吊带袜 彩色内裤 骆驼趾,"1girl, (colorful panties), lace trim, solo, clothes lift, large breasts, shirt, necktie, (cameltoe:1.2), looking at viewer, white shirt, garter straps, pleated skirt, blush, indoors, bangs, jacket, striped, collared shirt, red necktie, (white hair), from below, black skirt, school uniform, ass visible through thighs, pink eyes, curtains, bow, sidelocks, parted lips, blue skirt, black jacket, straight hair,",
星空 泡泡 性感女孩彩色头发 半透明褶边睡衣 手放脑后漏出腋窝,"(masterpiece), (best quality), Octane rendering, (surreal:1.2), perfect features, 1 girl, colorful, wet, ((translucent frilled nightgown)), (fairy wings), translucent skin, (colored inner hair), translucent hair, ((glowing inner hair)), colorful_hair ornament, the perfect appearance, her face flushed, ( her hands behind her head and out of her armpits1.4), ((caustic, seductive, sexy, charming)), the light red effect, Zero gravity, in space, crystals texture flowers, sparkle, lens flare, light leaks, Broken glass, beautiful detailed gemstone sky, (((colored inner hair, Starry sky adorns hair, (lots_of_big_((colorful))_Bubble), [pearl], [Galaxy], depth of field, colorful bubble, colorful water_drop, colorful spray))),",
黑猫 猫娘 呆毛 蓝色水手服 白丝 坐,"((masterpiece, best quality)), a girl, solo, skirt, sky, sitting, pantyhose, serafuku, cloud, black gloves, outdoors, neckerchief, day, bangs, fence, shirt, ahoge, rooftop, long hair, (white pantyhose), black hair, school uniform, white sailor collar, red eyes, sailor collar, blue skirt, red neckerchief, (blue serafuku), animal ears, blue sky, long sleeves, (blue shirt), looking at viewer, closed mouth, cat ears, chain-link fence, pleated skirt, cloudy sky,",
白毛 红瞳 长发飘荡 小乳房 白色连衣裙 手背,"(Highest picture quality), 1girl, red eyes, white hair, (very long hair), very long hair (floating in the wind), hair ornament, white dress, small breast, bare legs, white socks, leather shoes, arms and hands behind back, blush, fluttering grass, (spring, sakura blossoms), petals, (lens flare), altocumulus, dazzling light, cool breeze, (shade) of [a sakura tree], meadow, (the grass is growing and the birds are flying), (lake, surface reflection),",
印花文胸 印花连裤袜下的内裤 肚脐,"1girl, (print bra), (Panties under printed pantyhose), lace, long hair, medium breasts, navel, solo, yellow eyes,",
黄毛 小女孩 公主 城堡 粉色礼服 皇冠,"A little princess with blue eyes and long blonde hair is standing on a balcony of a tall tower in a castle courtyard at night. She is wearing a pink gown with puffy sleeves and a sweetheart neckline. She has a crown on her head and a fringe. She is smiling with her mouth open, There are bricks, a trellis and the moon around her,",
低双马尾 萝莉 儿童 多彩 内衣 侧系带内裤 淫纹 各种玫瑰,"best quality, colorful, (((loli))), (((child))), pink rose, rose, pink flower, flower, red rose, 1girl, purple rose, blue rose, white rose, long hair, panties, underwear, breasts, solo, low ponytail, looking at viewer, low twintails, thigh strap, green flower, rose petals, pubic tattoo, navel, bare shoulders, white panties, thorns, hair ornament, ribbon, collarbone, twintails, purple flower, holding flower, parted lips, red flower, side-tie panties, cowboy shot, babydoll, medium breasts, wings, bangs, green eyes, eyebrows visible through hair, curtains, blush,",
蓝毛 透明晚礼服 植物学插图,"masterpiece, best quality, extremely detailed, 1girl, full body, beautiful detailed eyes, beautiful detailed face, blue hair, (Botanical illustration:1.5), [see-through:evening dress:0.3],",
夜晚 小包子头 雪纺连衣裙 满月 桃花,"(best quality), (masterpiece), (a girl:1.3) is (sitting on the tree) and soaking feet, (multicolor:1.34), night sky, (close on:1.2), (close shot), chiffon dress, [[light smile]], (baby blue hair), very long hair, water inner hair, little double bun, (beautiful detailed eyes), (red eyes), floating ribbon, (peach blossom), flowers, (flower) tree, Petals on water, floating Petals, [[full moon]],",
星空海报 低双马尾 萝莉 牡丹 夏季花卉连衣裙 连裤袜,"(masterpiece, high quality, highres, illustration), blurry background, [(white background:1.2)::5], cowboy shot, spring \(season\), (no light:1.1), (temptation:1.2), elegance, (1loli:1.1), (very long hair:1.1), (blush:0.7), floating hair, ahoge, deep sky, star \(sky\), (summer (Floral:1.2) dress:1.1), outline, (see-through:0.85), shining, low twintails, (polychromatic peony:1.15), Movie poster, (colorful:1.1), ornament, petals, (pantyhose:1.1), ribbon,",
白毛 猫耳朵 女仆 白色连裤袜下的内裤 跪坐 下面视角,"1girl,panties under pantyhose,(((white pantyhose))),cat ears,solo,white gloves,long hair,hair ornament,no shoes,indoors,ass,from below,facing away,red eyes,blush,animal ear fluff,bangs,maid headdress,feet,braid,hair between eyes,soles,multicolored hair,on floor,petals,white hair,carpet,streaked hair,white shirt,shirt,high-waist skirt,flower,window,black skirt,wooden floor,hairclip,toes,maid,seiza,ribbon,full body,vase,closed mouth,frills,potted plant,sweatdrop,thighs,bow,",
白毛 呆毛 紫瞳 恶魔角 腰部的羽翼 无袖黑色连衣裙 印花连裤袜 坐 膝盖抬起 手放脸上,"1girl,solo,long hair,(((print pantyhose))),white hair,horns,bangs,wings,looking at viewer,purple eyes,sitting,dress,blush,black dress,ahoge,parted bangs,demon horns,alternate costume,knees up,demon wings,indoors,very long hair,low wings,multiple horns,bare shoulders,sleeveless,sleeveless dress,hand on own face,closed mouth,knees together feet apart,",
独角兽 浅紫色头发 眼睛 呆毛 白色连衣裙 内裤 连裤袜 躺在床上 秀脚,"unicorn \(azur lane\),1girl,light purple eyes,light purple hair,long hair,white pantyhose,spread legs,solo,white dress,lying,blush,pillow,white panties,show foot,indoors,hair bun,plant,single hair bun,looking at viewer,ahoge,bangs,on bed,open mouth,breasts,potted plant,ass,small breasts,hair between eyes,no horns,",
古关忧 黑发 校服 黑色连裤袜下的白色内裤 躺着 脚底 无鞋 足部焦点,"1girl,underwear,pantyhose,ui \(blue archive\),panties,no shoes,feet,hairband,long hair,solo,halo,clothes lift,white panties,black hair,covered navel,soles,toes,white skirt,purple eyes,bags under eyes,panties under pantyhose,blush,looking at viewer,book stack,foot focus,black pantyhose,white serafuku,bangs,blue hairband,skirt,hair between eyes,lifted by self,very long hair,school uniform,open mouth,long sleeves,skirt lift,purple hairband,neckerchief,serafuku,sailor collar,cardigan,thighband pantyhose,on back,white sailor collar,blue neckerchief,lying,spread legs,jewelry,the soles of the feet,",
黑发 双包子头 红瞳 中国连衣裙 骨盆帘 连裤袜 不可能的衣服,"1girl,china dress,black hair,hair bun,long hair,red eyes,covered navel,looking at viewer,double bun,pantyhose,breasts,red hair,blush,hair ornament,pelvic curtain,solo,smile,lantern,ahoge,medium breasts,streaked hair,impossible clothes,closed mouth,",
重庆 白毛 双包子头 编织刘海 黄瞳 户外 红色无袖中国连衣裙 中国服装 白丝 花卉印花 牛仔镜头,"((highly detailed, extremely detailed CG unity 8k wallpaper, illustration, highres, absurdres, beautiful detailed eyes, finely detailed breasts, highly detail hair)),((masterpiece)) outdoors,sky,cloud,grass,1girl,solo,chongqing pov crotch,cowboy shot,bangs,closed mouth,medium breasts,braid,yellow eyes,white hair,double bun,gloves,thighhighs,hair bun,elbow gloves,white thighhighs,white gloves,hair ornament,shawl,side slit,dress,braided bun,sleeveless,(floral print),pelvic curtain,skirt,red skirt,shoes,red footwear,alternate costume,bare shoulders,braided bangs,(clothes fur trim:1.1),hair flower,china dress,china clothes,",
逸仙 黑发 红瞳 红色中国连衣裙 中国服装 覆盖肚脐 裸肩 分离式袖子 黑色吊带袜 牛仔镜头,"((highly detailed, extremely detailed CG unity 8k wallpaper, illustration, highres, absurdres, beautiful detailed eyes, finely detailed breasts, highly detail hair)),((masterpiece)),((beautiful detailed eyes)),1girl,solo,yixian,looking at viewer,smile,looking down,pov crotch,cowboy shot,bangs,blush,closed mouth,red eyes,dress,thighhighs,breasts,black thighhighs,garter straps,china dress,chinese clothes,black hair,hair ornament,looking at viewer,red eyes,red dress,lantern,full body,side slit,high heels,vase,flower,covered navel,medium breasts,sitting,long hair,bangs,bare shoulders,detached sleeves,",
逸仙 背后裆下视角从下看 黑发 红瞳  红色中国连衣裙 中国服装 衣服丝袜破 黑手套 大乳房 黑色吊带丝袜,"((masterpiece)),(Transparent underwear),1girl,solo,yixian,looking at viewer,smile,from behind,looking down,pov crotch,bangs,blush,closed mouth,red eyes,full body,long hair,ass,china dress,torn clothes,solo,gloves,red eyes,elbow gloves,chinese clothes,official alternate costume,(garter straps),underwear,panties,red dress,black gloves,black hair,large breasts,black thighhighs,hair ornament,torn thighhighs,black panties,",
白毛 侧乳 巨乳 虎牙 诱人的微笑 中式连衣裙 双手叉腰 透明立方体,"(masterpiece),(best quality),colorful,(Line optimization),1girl,upper body,looking at viewer,from below,hands on hips,armpits,(shiny skin:1.2),(oil highlight),oil skin,bare legs,(sideboob:1.1),(large breasts:1.1),(very long hair:1.2),((white:1.2) hair),floating hair,blush,(seductive face and eyes),(beautiful detailed (pink:1.1) eyes),(half-closed eyes),skin fang,seductive smile,(thighs:1.2),(thick thighs:1.1),perfect body,(groin),((hoodie:0.55|coat:0.4|white chinese dress:0.05, white hoodie):1.2),(ribbon:1.1),patterned,shoulder cutout,(hair ribbon:1.1),((beautiful white complicated glowing halo<square:1.2>):1.3),Chinese style pattern,((transparent cubes:|galaxy):1.4),(crystal clock:1.3),(cloud:1.2),outdoors,(universe:1.2),(floating transparent cubes:1.4),cosmic void,(broken mirror:1.1),reflection,",
黑发 黑色背景 透明黑色印花和服 宽腰带 彼岸花 拥抱自己 背后视角,"blue theme,Ultramarine,1girl,flower,spider lily,solo,black hair,red flower,long hair,from behind,black background,red nails,japanese clothes,kimono,facing away,signature,self hug,nail polish,simple background,black kimono,floral print,sash,crossed arms,see-through,print kimono,long sleeves,light particles,obi,cowboy shot,nape,",
金毛 御姐 蕾丝短上衣 肚脐 白色短裙,"(mature woman:1.3),solo,( blonde long hair:1.1),blue eyes,(lace short top:1.1),white skirt,navel,((masterpiece)),(high quality),(best quality),(detailed),hd,perfect night lighting,detailed face,detailed body,rose,",
夜景 眼睛发亮 褶边连衣裙 奢华礼服 黑白着重 发光蝴蝶 全身 俯视角,"1girl,glowing eyes,(low exposure),frilly dress,extravagant dress,[black and white accent],red ribbons,(bioluminescent butterfly),top view,under the tree shade,night scenery,full body,",
棕色短发 蕾丝连衣裙 高腰半身裙 咖啡厅 坐下 下午茶 柔和的色调,"masterpiece,best quality,kinomoto_sakura,girly style,lace dresses,pastel colors,floral prints,high-waisted skirts,ballet flats,delicate accessories,cafe,indoors,high tea,sit down,table,.a young beautiful girl,green eyes,brown short hair,ultra detailed,official art,unity 8k wallpaper,",
妖精 蝴蝶翅膀 站立 对称 万花筒 详细背景,"absurdres,highres,(Kaleidoscope:1.1),symmetry,detailed background,extremely delicate and beautiful,ultra detailed,one fairy girl,standing,butterfly wings,smile,floating growing butterfly,hair ornaments,looking at viewer,",
裸体 爆乳 闪亮无缝女式连裤紧身衣 牛寨镜头,"(masterpiece, top quality, best quality),1girl,[[[nude]]],huge breasts,(shiny seamlessbodystocking:1.5),Cowboy shots,",
球场 啦啦队长 粉色衬衫 白色裙子 心形切口 小乳房 乳沟 动态姿势,"(masterpiece),best quality,masterpiece,ultra detailed,highres,(light rays),best quality,pink shirt,white skirt,baseball stadium,dynamic pose,(loose socks),sneakers,heart choker,((cleavage cutout)),((heart cutout)),big hair,small breasts,cleavage,bache,1girl,solo,breasts,looking at viewer,blush,smile,skirt,standing,heart,sweat,outdoors,sky,day,armpits,blue sky,symbol-shaped pupils,standing on one leg,cheerleader,pom pom (cheerleading),+ +,",
天空 冷凌轨迹 五彩纸屑 花瓣 白毛 露肩白色连衣裙,"1girl,bangs,bare shoulders,blue sky,blush,cloud,cloudy sky,condensation trail,confetti,day,dress,eyebrows visible through hair,falling petals,feathers,floating hair,gradient sky,hair between eyes,hair ribbon,leaves in wind,long hair,looking at viewer,off-shoulder dress,off shoulder,outdoors,parted lips,petals,ribbon,rose petals,silver hair,sky,solo,standing,two side up,very long hair,white dress,wind,wind lift,yellow eyes,",
女童 平胸 低双马尾 湿身 透视 乳头 肚脐 骆驼趾 太阳裙,"female child, [low ponytail:low twintails:0.2], wet, sweat, [see-through:see-through, nipples, navel, cameltoe:0.55], water, splash, fountain, sundress, smile, blush, flat chest, open mouth, brown hair,",
粉毛 小乳房 斜刘海 阴道 淫水 阴道线 白色连体袜,"small breasts,pink long disheveled hair,diagonal bangs,looking at pussy,evil smile,pussy line,pussy juice,nipple,sit on sofa,white bodystocking,",
